dataset,model,dev_accuracy,test_accuracy,dev_macro_f1,test_macro_f1
enunciation,majority,0.5416666666666666,0.5408333333333334,0.14054054054054055,0.14040021633315306
enunciation,tfidf_logreg_original,0.7575,0.7216666666666667,0.44110643334388905,0.4158666527109064
enunciation,tfidf_logreg_tuned,0.7575,0.7216666666666667,0.44110643334388905,0.4158666527109064
