dataset,model,split,accuracy,macro_f1
genre,majority,dev,0.19079578139980824,0.02670424047235641
genre,majority,test,0.19079578139980824,0.02670424047235641
genre,tfidf_logreg_original,dev,0.4333652924256951,0.41439279783939637
genre,tfidf_logreg_original,test,0.4419942473633749,0.4172127179992388
genre,tfidf_logreg_tuned,dev,0.4947267497603068,0.4639997511190275
genre,tfidf_logreg_tuned,test,0.5062320230105465,0.4689443434763121
