dataset,model,split,accuracy,macro_f1
genre,majority,dev,0.19079578139980824,0.02670424047235641
genre,majority,test,0.19079578139980824,0.02670424047235641
genre,tfidf_logreg,dev,0.4333652924256951,0.41439279783939637
genre,tfidf_logreg,test,0.4419942473633749,0.4172127179992388
